codigo_ine,ods_objetivo,promedio_metas,n_metas
43,1,37.831103064266664,5
43,10,57.96341114888889,3
43,11,19.861953215,5
43,12,68.140721425,2
43,13,0.0,1
43,14,53.23123333333333,1
43,15,2.860611135,2
43,16,49.35496887,4
43,17,23.926768857333332,3
43,2,26.1812111145,3
43,3,67.696219266875,8
43,4,51.383702000308325,6
43,5,84.99710754833333,3
43,6,51.156293979,2
43,7,75.80593772,2
43,8,60.424335577916665,4
43,9,64.20191114866667,3
43001,1,40.61676998525,4
43001,10,58.04094111999999,3
43001,11,76.978354792,5
43001,12,57.79209570275,2
43001,13,22.38543999,1
43001,15,73.0559691725,2
43001,16,55.00260122,2
43001,17,32.13273443,2
43001,2,47.601637825750004,2
43001,3,100.0,1
43001,4,51.441230320272,5
43001,5,67.38873731833333,3
43001,6,57.27816966,1
43001,7,29.42319563,2
43001,8,84.08048613375,4
43001,9,41.44848877333333,3
43002,1,63.973760470833334,4
43002,10,66.85488502388888,3
43002,11,58.345293510000005,4
43002,12,56.468065425,2
43002,13,96.1605261,1
43002,15,49.996560887499996,2
43002,16,66.28941416,2
43002,17,31.2146259425,2
43002,2,19.60937739125,2
43002,3,100.0,1
43002,4,61.59765739098,5
43002,5,73.09388509333333,3
43002,6,98.19659852,1
43002,7,78.32980874,2
43002,8,63.93287145083333,4
43002,9,47.283958829999996,3
43003,1,65.81263067,4
43003,10,83.2017477,3
43003,11,50.614953912,5
43003,12,79.6411905,2
43003,13,74.10769148,1
43003,15,78.25766641249999,2
43003,16,50.0,2
43003,17,34.259284969999996,2
43003,2,20.093663425708332,3
43003,3,70.36488948625001,4
43003,5,60.996497354999995,3
43003,6,100.0,1
43003,7,88.55542396000001,2
43003,8,79.54612782666666,4
43003,9,31.014274880000002,3
43004,1,44.54245304916667,4
43004,10,40.7673151975,3
43004,11,41.52156370375,6
43004,12,51.238999075749994,2
43004,13,0.0,1
43004,14,50.0,1
43004,15,47.482047357499994,2
43004,16,71.17676996,2
43004,17,15.357796313466666,3
43004,2,39.02273031475001,2
43004,3,100.0,1
43004,4,65.56420032523,5
43004,5,84.22303841833333,3
43004,6,94.88210773,2
43004,7,63.90406739,2
43004,8,72.06867957291666,4
43004,9,76.49848452666667,3
43005,1,73.09666437416666,4
43005,10,79.63458632277778,3
43005,11,57.2233897598,5
43005,12,77.52723072250001,2
43005,13,0.0,1
43005,15,61.3901145625,2
43005,16,75.489934405,2
43005,17,30.9778226325,2
43005,2,28.38032343908333,3
43005,3,78.61178248499999,4
43005,4,64.5092233635,5
43005,5,92.63021013999999,3
43005,6,77.40531487,2
43005,7,43.25592965,2
43005,8,50.717527402916666,4
43005,9,73.62694743,3
43006,1,58.7895985,5
43006,10,54.891121292777775,3
43006,11,61.51231796,5
43006,12,78.741034385,2
43006,13,0.0,1
43006,15,49.253893047525,2
43006,16,50.0,2
43006,17,26.4133204845,2
43006,2,53.0227091175,2
43006,3,100.0,1
43006,4,60.632806951999996,5
43006,5,91.08297273333334,3
43006,6,100.0,1
43006,7,74.721170375,2
43006,8,56.94505902,4
43006,9,39.78734523,3
43007,1,69.98063199666667,3
43007,10,82.85317736055555,3
43007,11,54.41403712180001,5
43007,12,82.5646807225,2
43007,13,84.23574208,1
43007,15,56.387985705000006,2
43007,16,50.0,2
43007,17,25.152637972925,2
43007,2,34.233784995,3
43007,3,73.85337224875,4
43007,4,100.0,1
43007,5,81.57405471,3
43007,6,100.0,1
43007,7,76.64916566,2
43007,8,61.775741699166666,4
43007,9,18.21251282,3
43008,1,54.77718633,3
43008,10,36.14170043833334,2
43008,11,63.297997159750004,4
43008,12,76.507545925,2
43008,13,0.0,1
43008,15,99.91463978,2
43008,16,50.0,2
43008,17,33.309760865,2
43008,2,37.3158277745,2
43008,3,100.0,1
43008,4,100.0,1
43008,5,87.82553289666667,3
43008,6,100.0,1
43008,7,66.74667755,2
43008,8,76.96132675125,4
43008,9,41.588952123333335,3
43009,1,51.4784840896,5
43009,10,75.19442175444443,3
43009,11,45.4924970158,5
43009,12,69.07975705000001,2
43009,13,0.0,1
43009,15,68.8778799775,2
43009,16,50.0,2
43009,17,26.0961563055,2
43009,2,28.548558726125002,2
43009,3,100.0,1
43009,4,65.904777247203,5
43009,5,85.92199015666667,3
43009,6,100.0,1
43009,7,80.57522442999999,2
43009,8,69.72536633833333,4
43009,9,58.29418965666667,3
43010,1,59.17339768,4
43010,10,71.9219949861111,3
43010,11,61.987972484,5
43010,12,90.12496937,2
43010,13,94.72933669,1
43010,15,25.97777025,2
43010,16,51.138317123,2
43010,17,31.23486454,2
43010,2,24.35296910175,2
43010,3,100.0,1
43010,4,100.0,1
43010,5,90.40351548833333,3
43010,6,100.0,1
43010,7,76.60268557,2
43010,8,57.482773865555565,3
43010,9,98.69282051333334,3
43011,1,89.74536327,3
43011,10,86.79528090777778,3
43011,11,54.69785705068333,6
43011,12,91.50284177500001,2
43011,13,96.70046769,1
43011,15,40.572229234999995,2
43011,16,57.62723366,2
43011,17,29.8739564125,2
43011,2,28.320196669999998,2
43011,3,100.0,1
43011,4,77.83891082170001,5
43011,5,80.36410194666666,3
43011,6,99.93128049,1
43011,7,98.43053428,2
43011,8,69.28267611666666,4
43011,9,54.45592052999999,3
43012,1,85.06393330333333,4
43012,10,68.0362483641111,3
43012,11,37.164743629340315,6
43012,12,51.26702215,2
43012,13,95.95718969,1
43012,14,66.66666666666667,1
43012,15,5.085361975925,2
43012,16,70.81259896,2
43012,17,41.663712472499995,2
43012,2,9.931829863625,2
43012,3,100.0,1
43012,4,72.0248170309,5
43012,5,94.44236460333333,3
43012,6,91.09246575,1
43012,7,85.9436137,2
43012,8,75.468201208126,4
43012,9,67.76321366566667,3
43013,1,55.9736838575,4
43013,10,48.143409580555556,3
43013,11,53.04340037300001,5
43013,12,14.10806175,2
43013,13,0.0,1
43013,14,51.06643480333333,1
43013,15,30.413569585,2
43013,16,70.00723818,2
43013,17,18.95951698,2
43013,2,40.320249505,2
43013,3,100.0,1
43013,4,55.814,1
43013,5,74.33040558666666,3
43013,6,30.989283655,2
43013,7,62.50548276,2
43013,8,79.00576050416666,4
43013,9,55.62423418,3
43014,1,38.229334905,4
43014,10,37.38243246444444,3
43014,11,44.98896576,5
43014,12,68.1408707875,2
43014,13,44.83333039,1
43014,14,99.10276002,1
43014,15,55.2587939825,2
43014,16,47.86814523375,4
43014,17,51.1565212525,2
43014,2,29.66950889163333,3
43014,3,63.01727633910714,8
43014,4,51.66346128135,6
43014,5,85.12202232166668,3
43014,6,95.606734725,2
43014,7,67.399140525,2
43014,8,62.68831350958333,4
43014,9,74.24198555483333,3
43015,1,100.0,2
43015,10,59.962444903333335,2
43015,11,73.83341110625,4
43015,12,40.320714635,2
43015,13,29.45871926,1
43015,15,98.4327027,2
43015,16,50.0,2
43015,17,26.56325015075,2
43015,2,40.36273333325,2
43015,3,100.0,1
43015,5,97.03304597666666,3
43015,6,100.0,1
43015,7,79.17171532500001,2
43015,8,74.40275489000001,4
43015,9,1.4267757305,2
43016,1,45.613828124166666,4
43016,10,56.61806454277778,3
43016,11,39.3345122255,5
43016,12,90.3286114075,2
43016,13,0.0,1
43016,15,20.18578653135,2
43016,16,77.53245872,2
43016,17,31.478669902500002,2
43016,2,11.39780403925,2
43016,3,100.0,1
43016,4,0.0,1
43016,5,69.69235003666667,3
43016,6,47.01503772,2
43016,7,29.609519675,2
43016,8,52.775670279,4
43016,9,85.75789192,3
43017,1,92.57743880000001,2
43017,10,46.075426425,2
43017,11,87.67279704625,4
43017,12,92.0893382725,2
43017,13,0.0,1
43017,15,73.76792736,2
43017,16,50.0,2
43017,17,40.760134455,2
43017,2,3.345435685,2
43017,3,100.0,1
43017,5,85.34310561333332,3
43017,6,100.0,1
43017,7,82.241080695,2
43017,8,80.20063218416666,4
43017,9,31.86815384666667,3
43018,1,66.66666667,1
43018,10,37.10957713,2
43018,11,80.03713751375,4
43018,12,56.8444106625,2
43018,13,51.83476516,1
43018,15,94.90669016999999,2
43018,16,50.0,2
43018,17,16.0741696875,2
43018,2,31.413461363750002,2
43018,3,100.0,1
43018,4,100.0,1
43018,5,91.48824869333333,3
43018,6,63.8768645,1
43018,7,69.07072818,2
43018,8,78.7441482875,4
43018,9,69.85930623133333,3
43019,1,61.979546527000004,5
43019,10,55.76764031666667,3
43019,11,68.793851226,5
43019,12,73.775116115,2
43019,13,49.85353919,1
43019,15,57.7548480675,2
43019,16,96.59138204,2
43019,17,50.0,2
43019,2,31.93420867,2
43019,3,100.0,1
43019,4,54.970337659799995,5
43019,5,85.24268136833332,3
43019,6,65.23230036,1
43019,7,78.25536486,2
43019,8,60.20575703883333,4
43019,9,76.52539378666667,3
43020,1,50.13170287413333,5
43020,10,81.88343825833333,3
43020,11,41.484430509000006,5
43020,12,63.1821029175,2
43020,13,77.79536376,1
43020,15,7.051613095,2
43020,16,74.65460303,2
43020,17,31.1137306125,2
43020,2,16.433662373125003,2
43020,3,100.0,1
43020,4,61.91842888466,5
43020,5,65.894100755,3
43020,6,99.82797651,1
43020,7,78.216897765,2
43020,8,54.308427449999996,4
43020,9,73.70913907666666,3
43021,1,62.65747374666666,3
43021,10,61.907665988333335,2
43021,11,78.020115065,5
43021,12,86.720947935,2
43021,13,0.0,1
43021,15,49.3576557995,2
43021,16,58.4934404,2
43021,17,24.46122991,2
43021,2,50.0585480093625,2
43021,3,100.0,1
43021,4,100.0,1
43021,5,66.642020875,3
43021,6,60.47214936,1
43021,7,70.9567393,2
43021,8,65.7398865875,4
43021,9,82.97553846,3
43022,1,47.39056385,4
43022,10,44.64595439388889,3
43022,11,64.78306950300001,5
43022,12,94.5912364175,2
43022,13,56.62316857,1
43022,15,65.12156602,2
43022,16,52.182085501,2
43022,17,28.16730302,2
43022,2,50.3577385280625,2
43022,3,100.0,1
43022,4,61.18059302457,5
43022,5,67.184880565,3
43022,6,100.0,1
43022,7,73.05907032,2
43022,8,55.14079934916667,4
43022,9,79.96785729,3
43023,1,34.87728766,2
43023,10,41.398620075,2
43023,11,66.91070366625,4
43023,12,91.33864583,2
43023,13,92.98246191,1
43023,15,69.51387304425,2
43023,16,50.0,2
43023,17,25.0,2
43023,2,46.68267249083333,3
43023,3,78.86765103625,4
43023,4,100.0,1
43023,5,91.91556123999999,3
43023,6,78.74020566,1
43023,7,64.878736995,2
43023,8,62.56483759166667,4
43023,9,100.0,3
43024,1,42.1320150096,5
43024,10,53.995611507777774,3
43024,11,32.488627010200005,5
43024,12,83.0051583275,2
43024,13,62.31606765,1
43024,15,16.60014766,2
43024,16,76.72415743,2
43024,17,34.1605336425,2
43024,2,15.50502288975,2
43024,3,100.0,1
43024,4,55.46617291657001,5
43024,5,60.43321955166667,3
43024,6,97.4660144,1
43024,7,67.583601445,2
43024,8,53.256009605833334,4
43024,9,96.6264208,3
43025,1,51.768810486250004,4
43025,10,63.63498053722222,3
43025,11,66.211619202,5
43025,12,69.016822455,2
43025,13,0.0,1
43025,15,92.58811915999999,2
43025,16,50.0,2
43025,17,2.51771132,2
43025,2,34.32117771,2
43025,3,100.0,1
43025,4,64.4973804726,5
43025,5,90.010150905,3
43025,6,100.0,1
43025,7,71.62740708,2
43025,8,82.76681682166667,4
43025,9,65.926983983,3
43026,1,56.066444483750004,4
43026,10,43.60331808722222,3
43026,11,59.195690557199995,5
43026,12,71.673022765,2
43026,13,24.29533389,1
43026,15,67.765599475,2
43026,16,50.0,2
43026,17,26.7234305875,2
43026,2,35.6850936325,2
43026,3,100.0,1
43026,4,45.785774084399996,5
43026,5,93.68413553166666,3
43026,6,100.0,1
43026,7,73.11013306,2
43026,8,66.8973058,4
43026,9,31.137684931333336,3
43027,1,11.11111111,1
43027,10,29.319268665,2
43027,11,60.514915761666664,3
43027,12,82.15,2
43027,13,31.90822453,1
43027,15,69.75308074825,2
43027,16,100.0,1
43027,17,28.2092840575,2
43027,2,25.516962958249998,2
43027,3,100.0,1
43027,4,100.0,1
43027,5,80.72280027666666,3
43027,6,100.0,1
43027,7,57.61170263,2
43027,8,77.54528505583333,4
43027,9,45.49179587333333,3
43028,1,39.69511900193333,5
43028,10,64.48673932388888,3
43028,11,45.954074739999996,5
43028,12,63.27680103,2
43028,13,27.84862587,1
43028,15,51.7343366125,2
43028,16,77.846527935,2
43028,17,39.773009189999996,2
43028,2,37.35834614733333,3
43028,3,67.79981977375,4
43028,4,86.737,1
43028,5,80.86735764500001,3
43028,6,83.97136471,1
43028,7,51.94124974,2
43028,8,59.31390253666667,4
43028,9,70.58223290333333,3
43029,1,64.01783737,2
43029,10,51.921376935,2
43029,11,54.585486319,5
43029,12,83.5593729225,2
43029,13,0.0,1
43029,15,58.09786244,2
43029,16,50.0,2
43029,17,29.6340040925,2
43029,2,54.76689234875,2
43029,3,100.0,1
43029,4,100.0,1
43029,5,98.44109195333333,3
43029,6,100.0,1
43029,7,76.66284636,2
43029,8,57.179169575,4
43029,9,34.85513016666667,3
43030,1,28.2020265575,4
43030,10,42.30489228816666,3
43030,11,71.981751161,5
43030,12,58.468292085,2
43030,13,83.55800741,1
43030,15,71.399613745,2
43030,16,58.068310335,2
43030,17,7.2338034989999995,2
43030,2,31.85643606,2
43030,3,100.0,1
43030,4,50.31664251297,5
43030,5,55.095266005000006,3
43030,6,100.0,1
43030,7,74.582199765,2
43030,8,58.51511786458334,4
43030,9,39.57142767,3
43031,1,72.45081113875,4
43031,10,75.49921499222222,3
43031,11,48.666718005,5
43031,12,68.6734114125,2
43031,13,68.22748759,1
43031,15,36.977639785,2
43031,16,51.555530423,2
43031,17,20.12460843,2
43031,2,32.321090953416665,3
43031,3,70.36488948625001,4
43031,4,100.0,1
43031,5,93.34623740833332,3
43031,6,100.0,1
43031,7,77.3957096,2
43031,8,61.71744657758333,4
43031,9,67.63145605,3
43032,1,61.818162401666676,3
43032,10,51.73786551833333,3
43032,11,52.65772229875,4
43032,12,82.43712948999999,2
43032,13,97.4798534,1
43032,15,75.52870415,2
43032,16,50.0,2
43032,17,31.2526547075,2
43032,2,54.680528162499996,2
43032,3,100.0,1
43032,4,57.8516856149,5
43032,5,88.80108069166666,3
43032,6,100.0,1
43032,7,66.577655015,2
43032,8,80.05805126083334,4
43032,9,63.579227796666665,3
43033,1,63.349190147,4
43033,10,79.90878133777778,3
43033,11,44.6460565828,5
43033,12,87.58496396999999,2
43033,13,97.22710407,1
43033,15,32.49752879725,2
43033,16,50.0,2
43033,17,18.3688000425,2
43033,2,48.565728559166665,3
43033,3,75.98245274125,4
43033,4,63.227630727199994,5
43033,5,92.71498044666667,3
43033,6,100.0,1
43033,7,52.76078553000001,2
43033,8,67.97765659916666,4
43033,9,66.03685795,3
43034,1,53.1942042322,5
43034,10,66.48205232833334,3
43034,11,49.127435677799994,5
43034,12,84.4908602925,2
43034,13,0.0,1
43034,15,35.389613042200004,2
43034,16,50.0,2
43034,17,19.732830576025,2
43034,2,39.67756465125,2
43034,3,100.0,1
43034,4,68.29982241876,5
43034,5,93.19287857,3
43034,6,100.0,1
43034,7,34.928328115,2
43034,8,46.34135646775,4
43034,9,57.595712479999996,3
43035,1,43.652445195,2
43035,10,36.6992233405,2
43035,11,47.517573267,5
43035,12,86.4132688075,2
43035,13,63.75028337,1
43035,15,93.3366136825,2
43035,16,50.0,2
43035,17,25.0,2
43035,2,56.93193349875,2
43035,3,100.0,1
43035,4,100.0,1
43035,5,85.00859592666667,3
43035,6,100.0,1
43035,7,71.973663155,2
43035,8,57.15570452875,4
43035,9,53.57293243,3
43036,1,32.216551022,4
43036,10,58.306457951111106,3
43036,11,56.86131997796,5
43036,12,65.24314276999999,2
43036,13,88.86304898,1
43036,15,61.7954456825,2
43036,16,60.00859534,2
43036,17,23.39433561,2
43036,2,24.249930690750002,2
43036,3,100.0,1
43036,4,52.61009162493,5
43036,5,57.870533556666665,3
43036,6,100.0,1
43036,7,28.86536659,2
43036,8,54.62778929520933,4
43036,9,44.66005722666667,3
43037,1,56.307494840000004,4
43037,10,47.25756824777778,3
43037,11,27.441919373,5
43037,12,53.423601902499996,2
43037,13,75.69647806,1
43037,14,60.0,1
43037,15,8.762383145,2
43037,16,57.29341039125,4
43037,17,37.3176853275,2
43037,2,17.22614802475,2
43037,3,88.58533541177776,6
43037,4,59.912593730058326,6
43037,5,65.91691622666667,3
43037,6,40.619822634,2
43037,7,77.649011625,2
43037,8,73.66360679281667,4
43037,9,50.37956590416667,3
43038,1,61.06500613083333,4
43038,10,55.34788389944444,3
43038,11,30.7283730182,5
43038,12,44.1238181485,2
43038,13,58.81468482,1
43038,14,46.666666666666664,1
43038,15,0.21626901075,2
43038,16,58.7319087025,4
43038,17,30.8404225197,3
43038,2,18.885790310999997,2
43038,3,60.46094633822222,6
43038,4,56.186275986625,6
43038,5,80.57527518500001,3
43038,6,60.808368665,2
43038,7,77.99978039,2
43038,8,80.76001274291667,4
43038,9,50.12815323566667,3
43039,1,100.0,1
43039,10,75.76733464333333,2
43039,11,82.00447576875,4
43039,12,66.96502495749999,2
43039,13,39.93032604,1
43039,15,99.10547173500001,2
43039,16,50.0,2
43039,17,42.32096403,2
43039,2,25.842651512,2
43039,3,100.0,1
43039,5,71.516781215,3
43039,6,100.0,1
43039,7,69.99724803000001,2
43039,8,68.9166532825,4
43039,9,25.490205126666666,3
43040,1,62.180157460000004,2
43040,10,43.71801360333333,2
43040,11,53.42046816125,4
43040,12,94.00079417500001,2
43040,13,79.35296357,1
43040,15,96.80782313499999,2
43040,16,50.0,2
43040,17,25.0,2
43040,2,53.569788976249995,2
43040,3,100.0,1
43040,4,100.0,1
43040,5,91.85833333333333,3
43040,6,100.0,1
43040,7,83.43316339500001,2
43040,8,59.05100519375,4
43040,9,66.66666666666667,3
43041,1,44.44444444,1
43041,10,32.196470545000004,2
43041,11,71.17648607325,4
43041,12,61.9796675075,2
43041,13,79.17713166,1
43041,15,69.39224243275,2
43041,16,50.0,2
43041,17,31.6198407025,2
43041,2,50.41401806625,2
43041,3,100.0,1
43041,4,100.0,1
43041,5,80.12212643666668,3
43041,6,91.0299238,1
43041,7,75.54735185999999,2
43041,8,60.377339365833336,4
43041,9,7.73089607,2
43042,1,70.3661583034,5
43042,10,80.69834404222222,3
43042,11,57.902588036,5
43042,12,98.125,2
43042,13,99.49360245,1
43042,15,10.54137017,2
43042,16,60.389617735,2
43042,17,30.75223601,2
43042,2,28.978902590249998,2
43042,3,100.0,1
43042,4,68.73704360629999,5
43042,5,91.41073392333334,3
43042,6,100.0,1
43042,7,98.23049313,2
43042,8,67.65357386875,4
43042,9,54.284720990000004,3
43043,1,64.81908203826666,5
43043,10,82.97285380111111,3
43043,11,55.699345307,5
43043,12,64.804905105,2
43043,13,57.98888053,1
43043,15,25.11376263625,2
43043,16,74.618977605,2
43043,17,32.104806445,2
43043,2,12.637170427083333,3
43043,3,67.84884798875001,4
43043,4,0.0,1
43043,5,81.64005708333333,3
43043,6,91.05733493,1
43043,7,83.97621323,2
43043,8,64.60279157708334,4
43043,9,41.306152276666666,3
43044,1,49.434630239166665,4
43044,10,47.74366456944444,3
43044,11,65.860601912,5
43044,12,88.0656926675,2
43044,13,80.6997476,1
43044,15,87.2395150175,2
43044,16,65.73738973,2
43044,17,21.811399365,2
43044,2,21.90463054375,2
43044,3,100.0,1
43044,4,99.75,1
43044,5,80.41666666666667,3
43044,6,100.0,2
43044,7,66.34147002,2
43044,8,44.69427530916667,4
43044,9,85.72445157833333,3
43045,1,100.0,1
43045,10,37.22502311333333,2
43045,11,77.6782436225,4
43045,12,87.3,2
43045,13,42.8279539,1
43045,15,98.9828325025,2
43045,16,50.0,2
43045,17,25.0,2
43045,2,26.1489835245,2
43045,3,100.0,1
43045,5,85.51876514166668,3
43045,6,100.0,1
43045,7,76.98216473,2
43045,8,73.35408004416666,4
43045,9,68.30019753333333,3
43046,1,50.0,2
43046,10,42.639945665,2
43046,11,62.0972913402,5
43046,12,79.1067515675,2
43046,13,0.0,1
43046,15,66.919241515,2
43046,16,50.0,2
43046,17,50.0,2
43046,2,30.6452684675,2
43046,3,100.0,1
43046,5,82.86721347166667,3
43046,6,100.0,1
43046,7,68.027391485,2
43046,8,77.71825069416667,4
43046,9,66.66666666666667,3
43047,1,23.712609434666668,5
43047,10,25.55156314777778,3
43047,11,43.244488263200004,5
43047,12,50.450441489999996,2
43047,13,75.92827459,1
43047,15,0.0009129677605,2
43047,16,65.716353765,2
43047,17,17.50486399,2
43047,2,28.34282646191667,3
43047,3,79.61336022124999,4
43047,4,54.46773176977,5
43047,5,65.06570881166667,3
43047,6,54.579867144999994,2
43047,7,39.202766055,2
43047,8,57.66020867108333,4
43047,9,85.30390583166667,3
43048,1,52.29414315125,4
43048,10,43.05516685944445,3
43048,11,63.9052612918,5
43048,12,92.425,2
43048,13,0.0,1
43048,15,65.1640197775,2
43048,16,50.0,2
43048,17,29.6453389375,2
43048,2,24.400299390125,2
43048,3,100.0,1
43048,4,40.27274736627,5
43048,5,85.48567010166666,3
43048,6,100.0,1
43048,7,77.93717565,2
43048,8,62.064177085,4
43048,9,42.435277946666666,3
43049,1,50.4100028,3
43049,10,62.44972530944445,3
43049,11,67.562886315,5
43049,12,55.528195485,2
43049,13,0.0,1
43049,15,88.39261263750001,2
43049,16,73.06028048,2
43049,17,24.384409480000002,2
43049,2,37.245823720000004,2
43049,3,100.0,1
43049,4,52.53603014509,5
43049,5,90.68434851666666,3
43049,6,100.0,1
43049,7,75.2595154,2
43049,8,89.25940147916667,4
43049,9,50.62300490333333,3
43050,1,67.76981526333333,4
43050,10,53.21907017499999,3
43050,11,27.816996763040002,5
43050,12,35.875,2
43050,13,70.40633852,1
43050,14,50.032764294,1
43050,15,30.0210295453558,2
43050,16,89.586858175,2
43050,17,16.157559408966666,3
43050,2,20.79449435,3
43050,3,50.276302994249995,4
43050,4,66.18143746936,5
43050,5,86.88893894499999,3
43050,6,70.80349224,1
43050,7,71.20873799,2
43050,8,86.65860908333333,4
43050,9,54.19732867,3
43051,1,52.3532859325,4
43051,10,48.186115476666664,3
43051,11,28.28157263,5
43051,12,67.75,2
43051,13,42.2758852,1
43051,14,66.66666666666667,1
43051,15,11.8320078125,2
43051,16,91.37808188,2
43051,17,45.491109657500004,2
43051,2,0.24776551,2
43051,3,87.45658938000001,6
43051,4,65.1559356706,5
43051,5,84.0382782,3
43051,6,47.39337494,2
43051,7,78.7007613,2
43051,8,71.81611537333333,4
43051,9,58.46739998133334,3
43052,1,31.162637748999998,5
43052,10,37.66391283555556,3
43052,11,53.752616536999994,5
43052,12,66.578703555,2
43052,13,0.0,1
43052,15,56.949919068750006,2
43052,16,50.0,2
43052,17,31.13795009,2
43052,2,48.548393121249994,2
43052,3,100.0,1
43052,4,71.49435188301,5
43052,5,76.514240535,3
43052,6,100.0,1
43052,7,70.848960865,2
43052,8,66.45200324416666,4
43052,9,62.84365478466666,3
43053,1,65.56061973,2
43053,10,38.72617387333333,2
43053,11,67.536327008,5
43053,12,86.7703948025,2
43053,13,69.61387139,1
43053,15,67.95267533,2
43053,16,52.0308753675,2
43053,17,34.814643125,2
43053,2,37.555845825000006,2
43053,3,100.0,1
43053,4,100.0,1
43053,5,64.80603448333333,3
43053,6,100.0,1
43053,7,75.73900917,2
43053,8,83.08814699625,4
43053,9,66.91079931966667,3
43054,1,64.34459948366667,5
43054,10,73.00260144966667,3
43054,11,51.66321288819999,5
43054,12,90.26101695,2
43054,13,0.0,1
43054,15,53.5044579,2
43054,16,50.0,2
43054,17,24.27281977,2
43054,2,23.560425365,2
43054,3,100.0,1
43054,4,60.714,1
43054,5,79.37463346,3
43054,6,100.0,1
43054,7,73.96150578000001,2
43054,8,67.04931793916667,4
43054,9,100.0,3
43055,1,55.96729203933334,5
43055,10,65.2003777081111,3
43055,11,59.61627279740001,5
43055,12,90.444773165,2
43055,13,32.05224674,1
43055,15,71.3497619725,2
43055,16,51.510291789,2
43055,17,12.723199440000002,2
43055,2,45.7360756415,2
43055,3,100.0,1
43055,4,63.00691499644999,5
43055,5,75.58033159333333,3
43055,6,50.2976190476,2
43055,7,80.132075195,2
43055,8,64.64589351833334,4
43055,9,82.04307333,3
43056,1,76.2114826425,2
43056,10,67.92692265666666,3
43056,11,65.74621236499999,4
43056,12,82.78948980999999,2
43056,13,13.30667972,1
43056,15,67.4183460575,2
43056,16,50.0,2
43056,17,34.76658324,2
43056,2,41.803428168125,2
43056,3,100.0,1
43056,4,100.0,1
43056,5,94.36759009999999,3
43056,6,100.0,1
43056,7,76.370968595,2
43056,8,63.443095175833335,4
43056,9,41.25527914333333,3
43057,1,100.0,1
43057,10,81.000645995,2
43057,11,77.48881835125,4
43057,12,62.458037245,2
43057,13,0.0,1
43057,15,100.0,2
43057,16,50.0,2
43057,17,16.2475565875,2
43057,2,45.900848986374996,2
43057,3,100.0,1
43057,5,72.00938697166667,3
43057,6,100.0,1
43057,7,71.31760273500001,2
43057,8,73.16604132291667,4
43057,9,33.333333333333336,3
43058,1,48.148148146666664,3
43058,10,27.867749926666665,2
43058,11,74.40522135725,4
43058,12,78.66983616499999,2
43058,13,60.22452242,1
43058,15,97.859392025,2
43058,16,50.0,2
43058,17,26.9107491915,2
43058,2,34.97937022758333,3
43058,3,74.69649902375001,4
43058,5,59.98222222333334,3
43058,6,97.98473063,1
43058,7,60.436284,2
43058,8,69.15774094416668,4
43058,9,33.34841996666666,3
43059,1,100.0,1
43059,10,51.218931885,2
43059,11,73.47869719,4
43059,12,72.7321582,2
43059,13,0.0,1
43059,15,75.6367955825,2
43059,16,50.0,2
43059,17,5.74049124,2
43059,2,41.060649195625004,2
43059,3,100.0,1
43059,4,100.0,1
43059,5,67.25073153666666,3
43059,6,100.0,1
43059,7,38.173567135,2
43059,8,63.47135541916667,4
43059,9,49.549520386666664,3
43060,1,38.62232200538333,4
43060,10,60.14100894555556,3
43060,11,70.129384712,5
43060,12,96.6720288225,2
43060,13,4.559867393,1
43060,15,59.22177795225,2
43060,16,53.4952499435,2
43060,17,19.323281509133334,3
43060,2,26.0180369325,2
43060,3,100.0,1
43060,4,68.94226031643,5
43060,5,83.92472889333334,3
43060,6,25.97790764,1
43060,7,36.767194860000004,2
43060,8,62.298412530833325,4
43060,9,68.98472998,3
43061,1,50.0,2
43061,10,50.0,2
43061,11,96.3644147575,4
43061,12,41.275,2
43061,13,26.18813253,1
43061,15,59.556223323569995,2
43061,16,50.0,2
43061,17,50.0,2
43061,2,50.0,2
43061,3,100.0,1
43061,5,63.46209017,3
43061,6,100.0,1
43061,7,65.303543305,2
43061,8,72.37108742974999,4
43061,9,29.72025641,3
43062,1,69.82006068333332,3
43062,10,35.6857652315,2
43062,11,70.7026140725,4
43062,12,84.96485493750001,2
43062,13,72.1044572,1
43062,15,56.86920303,2
43062,16,50.0,2
43062,17,25.081213225,2
43062,2,49.51949274125,2
43062,3,100.0,1
43062,4,100.0,1
43062,5,62.51211328833333,3
43062,6,100.0,1
43062,7,76.5570476,2
43062,8,40.233930715,4
43062,9,8.87574359,3
43063,1,43.56472947375,4
43063,10,37.50576072872222,3
43063,11,60.8574219608,5
43063,12,71.85561693,2
43063,15,50.4666841665,2
43063,16,50.0,2
43063,17,35.1347759375,2
43063,2,28.795222668333334,3
43063,3,76.7733778625,4
43063,4,100.0,1
43063,5,91.76026632499999,3
43063,6,91.60020345,1
43063,7,39.287256445,2
43063,8,53.177558821666665,4
43063,9,58.38779487333333,3
43064,1,45.370912607579996,5
43064,10,57.619600607555554,3
43064,11,60.354886027999996,5
43064,12,89.05185929749999,2
43064,13,65.56469126,1
43064,15,68.12982324000001,2
43064,16,71.03008369,2
43064,17,29.892010267499998,2
43064,2,28.49051170375,2
43064,3,100.0,1
43064,4,61.53255725890999,5
43064,5,85.20157750333334,3
43064,6,68.45238094999999,2
43064,7,76.493897445,2
43064,8,56.302900511249995,4
43064,9,100.0,3
43065,1,30.184636903749997,4
43065,10,44.52212094,3
43065,11,66.20652266900001,5
43065,12,97.55,2
43065,13,78.4575783,1
43065,15,82.01903413,2
43065,16,50.0,2
43065,17,24.0480568825,2
43065,2,43.26521487875,2
43065,3,100.0,1
43065,4,70.13713720799001,5
43065,5,74.633606035,3
43065,6,100.0,1
43065,7,74.55387567,2
43065,8,56.870425589999996,4
43065,9,33.205128206666664,3
43066,1,77.47779554499999,2
43066,10,62.55837739166667,2
43066,11,82.437927225,4
43066,12,95.0318549375,2
43066,13,56.76657944,1
43066,15,35.670875654999996,2
43066,16,50.0,2
43066,17,13.338446995,2
43066,2,26.1333557525,2
43066,3,100.0,1
43066,5,65.13649425333334,3
43066,6,76.99459836,1
43066,7,78.22388853000001,2
43066,8,66.54323665166667,4
43066,9,39.17044319,3
43067,1,64.81031637666666,3
43067,10,50.63824658444444,3
43067,11,66.590408858,5
43067,12,96.6704974275,2
43067,13,91.88622615,1
43067,15,51.00533020805,2
43067,16,50.0,2
43067,17,29.9080134825,2
43067,2,45.13709663375,2
43067,3,100.0,1
43067,4,61.22608493212,5
43067,5,76.49280387333333,3
43067,6,100.0,1
43067,7,76.954913795,2
43067,8,57.101210818333335,4
43067,9,40.23365927,3
43068,1,47.898837405,3
43068,10,42.04803904144445,3
43068,11,52.7486094555,4
43068,12,78.43108253,2
43068,13,85.98789507,1
43068,15,67.62171796,2
43068,16,50.0,2
43068,17,35.275601025,2
43068,2,35.32818875125,2
43068,3,100.0,1
43068,4,53.970689118669995,5
43068,5,78.81151915333334,3
43068,6,100.0,1
43068,7,59.28405256,2
43068,8,55.54171656416666,4
43068,9,34.06180025333333,3
43069,1,100.0,1
43069,10,36.291259878333335,2
43069,11,57.933539553500005,4
43069,12,77.581259515,2
43069,13,75.65762849,1
43069,15,74.5966992775,2
43069,16,50.0,2
43069,17,36.0326919275,2
43069,2,53.6179530875,2
43069,3,100.0,1
43069,4,100.0,1
43069,5,66.23563218333334,3
43069,6,100.0,1
43069,7,60.830750535,2
43069,8,87.39083333333333,4
43069,9,66.56707692333333,3
43070,1,72.542809695,2
43070,10,43.66283124166667,2
43070,11,82.62538786600001,5
43070,12,83.65469648,2
43070,13,88.61167248,1
43070,15,50.197993589999996,2
43070,16,50.0,2
43070,17,23.0686062775,2
43070,2,60.52673379,2
43070,3,100.0,1
43070,4,100.0,1
43070,5,76.06676245333334,3
43070,6,100.0,1
43070,7,75.427690905,2
43070,8,66.97846750916666,4
43070,9,23.896590436666667,3
43071,1,39.817514046,5
43071,10,42.54905645444445,3
43071,11,59.04025159416667,6
43071,12,71.046764715,2
43071,13,0.0,1
43071,15,89.4567868275,2
43071,16,50.0,2
43071,17,24.110193524750002,2
43071,2,46.408926859125,2
43071,3,100.0,1
43071,4,56.81634079257001,5
43071,5,79.98586329166666,3
43071,6,100.0,1
43071,7,68.662650385,2
43071,8,83.15353638666667,4
43071,9,33.247751906,3
43072,1,50.0,2
43072,10,54.91469550833333,2
43072,11,78.63056073624999,4
43072,12,69.633870375,2
43072,13,72.40478233,1
43072,15,98.67778928249999,2
43072,16,50.0,2
43072,17,32.36241528,2
43072,2,53.935321815,2
43072,3,100.0,1
43072,5,82.98024343666667,3
43072,6,96.91029443,1
43072,7,69.400680155,2
43072,8,78.59193705125,4
43072,9,58.13483086333334,3
43073,1,100.0,1
43073,10,27.18793584333333,2
43073,11,97.21085072000001,3
43073,12,82.8439688425,2
43073,13,42.52014661,1
43073,15,61.45249554749999,2
43073,16,50.0,2
43073,17,50.0,2
43073,2,17.476603575,2
43073,3,100.0,1
43073,5,69.64611381333334,3
43073,6,100.0,1
43073,7,79.390179245,2
43073,8,78.79273436333334,4
43073,9,55.572974359999996,3
43074,1,41.199910813399995,5
43074,10,70.07782585,3
43074,11,21.376980174,5
43074,12,93.435139045,2
43074,13,52.35918003,1
43074,15,4.1266302675,2
43074,16,72.58572721,2
43074,17,28.731278670000002,2
43074,2,31.3140635765,2
43074,3,0.0,1
43074,4,65.9944155831,5
43074,5,86.384731515,3
43074,6,100.0,1
43074,7,73.03224395000001,2
43074,8,46.835857596000004,4
43074,9,96.24505078333334,3
43075,1,51.851851853333336,3
43075,10,39.724487231666664,2
43075,11,73.51605480375,4
43075,12,5.9973045825,2
43075,13,11.07714551,1
43075,15,97.66565569,2
43075,16,75.866319835,2
43075,17,40.9076070075,2
43075,2,50.0,2
43075,3,100.0,1
43075,5,48.45204581833334,3
43075,6,100.0,1
43075,7,55.39197765,2
43075,8,86.80869399333334,4
43075,9,16.039286383666667,3
43076,1,37.995927263333336,3
43076,10,52.81027695177778,3
43076,11,72.425647182,5
43076,12,96.95,2
43076,13,35.4524327,1
43076,15,66.3385606075,2
43076,16,50.0,2
43076,17,24.99752292,2
43076,2,53.53897473625,2
43076,3,100.0,1
43076,4,49.35047467896,5
43076,5,73.58374484083333,3
43076,6,100.0,1
43076,7,76.595370565,2
43076,8,52.425006681666666,4
43076,9,53.02771248,3
43077,1,41.45883455333333,3
43077,10,49.31694037288889,3
43077,11,67.597673595,4
43077,12,80.9412913375,2
43077,13,0.0,1
43077,15,75.9754198875,2
43077,16,50.0,2
43077,17,31.5242697175,2
43077,2,37.478783185,2
43077,3,100.0,1
43077,4,58.60975060657999,5
43077,5,97.62133908333334,3
43077,6,100.0,1
43077,7,68.361791095,2
43077,8,60.53598667666667,4
43077,9,37.31712613333333,3
43078,1,28.367838402399997,5
43078,10,39.31378736599999,3
43078,11,52.473007938399995,5
43078,12,80.39448809000001,2
43078,13,82.56176251,1
43078,15,48.8475397025,2
43078,16,50.0,2
43078,17,31.55465025,2
43078,2,45.863303867249996,2
43078,3,100.0,1
43078,4,57.410547770200004,5
43078,5,78.147094825,3
43078,6,93.12097154,1
43078,7,67.79672294,2
43078,8,65.57708188666666,4
43078,9,65.28993762,3
43079,1,51.325381775000004,3
43079,10,49.03978068894444,3
43079,11,57.638936861000005,5
43079,12,67.18194684,2
43079,13,88.68912018,1
43079,15,52.4640228991,2
43079,16,51.184573626,2
43079,17,43.445833865,2
43079,2,28.075312988249998,2
43079,3,100.0,1
43079,4,50.65623090486,5
43079,5,49.989895376666674,3
43079,6,92.34026873,1
43079,7,60.334464534999995,2
43079,8,50.52027028333333,4
43079,9,66.66666666666667,3
43080,1,100.0,1
43080,10,40.536378428333336,2
43080,11,55.63013682666667,3
43080,12,98.425,2
43080,13,94.36648897,1
43080,15,40.2523861225,2
43080,16,50.0,2
43080,17,26.76068707875,2
43080,2,33.75446553625,2
43080,3,100.0,1
43080,4,100.0,1
43080,5,83.35802849,3
43080,6,100.0,1
43080,7,82.283212545,2
43080,8,72.63639116666667,3
43080,9,39.6792092,3
43081,1,83.63962959833333,3
43081,10,89.32026204555557,3
43081,11,67.723758217,5
43081,12,93.61696888,2
43081,13,95.51505762,1
43081,15,53.436024790000005,2
43081,16,50.0,2
43081,17,25.0,2
43081,2,33.48733469275,2
43081,3,100.0,1
43081,4,75.3460560709,5
43081,5,88.897692345,3
43081,6,100.0,1
43081,7,89.30751469,2
43081,8,53.00978451333333,4
43081,9,70.04738307333334,3
43082,1,35.78953068,2
43082,10,41.26871875244444,3
43082,11,64.715307348,5
43082,12,79.6887650075,2
43082,13,94.02254062,1
43082,15,62.4269019125,2
43082,16,50.0,2
43082,17,26.098362228,2
43082,2,49.447012455,2
43082,3,100.0,1
43082,4,100.0,1
43082,5,84.27196072833334,3
43082,6,100.0,1
43082,7,74.9970998,2
43082,8,59.09121138583333,4
43082,9,55.300666666666665,3
43083,1,74.47667473,2
43083,10,34.180768825,2
43083,11,66.68887208375,4
43083,12,84.305317325,2
43083,13,0.0,1
43083,15,33.39694636,2
43083,16,50.0,2
43083,17,27.3407944975,2
43083,2,38.59488023125,2
43083,3,100.0,1
43083,5,78.91555555666666,3
43083,6,100.0,1
43083,7,34.312201365,2
43083,8,67.22655392583333,4
43083,9,29.042410256666667,3
43084,1,47.499552556000005,5
43084,10,59.747927498888885,3
43084,11,65.563895515,5
43084,12,86.98212244,2
43084,13,66.59685602,1
43084,15,74.73103048749999,2
43084,16,50.0,2
43084,17,14.36762476,2
43084,2,36.952995101249996,2
43084,3,100.0,1
43084,4,52.89681850708,5
43084,5,78.66336607000001,3
43084,6,100.0,1
43084,7,66.553157215,2
43084,8,79.05623835,4
43084,9,36.51833409,3
43085,1,64.56811518666667,3
43085,10,37.73249721,2
43085,11,74.1571240148,5
43085,12,96.0610144575,2
43085,15,82.6531217975,2
43085,16,100.0,1
43085,17,29.558806335,2
43085,2,55.36431536875,2
43085,3,100.0,1
43085,4,100.0,1
43085,5,98.92959770166665,3
43085,6,100.0,1
43085,7,76.974362605,2
43085,8,61.19965694333333,4
43085,9,82.26,3
43086,1,79.24433826500001,4
43086,10,77.65390036944444,3
43086,11,51.891416217999996,5
43086,12,86.434565615,2
43086,13,0.0,1
43086,15,71.92051416999999,2
43086,16,80.11151323,2
43086,17,35.0630847575,2
43086,2,13.136052731374999,2
43086,3,100.0,1
43086,4,53.561043463939995,5
43086,5,83.15103984666666,3
43086,6,46.897564395,2
43086,7,35.671338105,2
43086,8,70.25524916591667,4
43086,9,100.0,3
43088,1,59.80966831333334,5
43088,10,71.40459130999999,3
43088,11,43.5722785112,5
43088,12,70.253741115,2
43088,13,34.00705065,1
43088,15,27.99977824,2
43088,16,58.14431124,2
43088,17,25.115093002800002,2
43088,2,31.191500618333336,3
43088,3,78.84874443,4
43088,4,57.26126994697,5
43088,5,95.35487535833333,3
43088,6,97.44205071,1
43088,7,73.899691945,2
43088,8,77.101198835,4
43088,9,50.94124742666667,3
43089,1,41.197891489999996,3
43089,10,59.850686718333336,2
43089,11,54.50653158375,4
43089,12,56.390233252499996,2
43089,13,12.45631375,1
43089,15,57.038099605,2
43089,16,50.0,2
43089,17,27.379657199999997,2
43089,2,43.6597527325,3
43089,3,75.90196983999999,4
43089,5,94.85245507999998,3
43089,6,100.0,1
43089,7,77.85443389,2
43089,8,59.67538629,4
43089,9,66.63441025666667,3
43090,1,38.88084984875,4
43090,10,44.179001983666666,3
43090,11,56.798481824999996,5
43090,12,50.888183042499996,2
43090,13,23.63839435,1
43090,15,85.75263237749999,2
43090,16,69.45860665000001,2
43090,17,17.035268272499998,2
43090,2,17.688441564875,2
43090,3,100.0,1
43090,4,100.0,1
43090,5,79.39802623333334,3
43090,6,100.0,1
43090,7,62.13446656,2
43090,8,61.85447835791666,4
43090,9,23.867388883333334,3
43091,1,66.66666667,1
43091,10,36.05060554666667,2
43091,11,84.41542312875,4
43091,12,63.0333629175,2
43091,13,0.0,1
43091,15,97.7547987975,2
43091,16,50.0,2
43091,17,42.420943019999996,2
43091,2,26.3565386633,3
43091,3,78.01326956875,4
43091,4,100.0,1
43091,5,44.856634175,3
43091,6,100.0,1
43091,7,25.59155026,2
43091,8,79.08978005416667,4
43091,9,70.5451953,2
43092,1,37.80465493933333,5
43092,10,36.18028106333333,3
43092,11,35.537230188,5
43092,12,31.163330065,2
43092,13,31.19791887,1
43092,14,50.0781516745,1
43092,15,25.1070732025,2
43092,16,80.33284325,2
43092,17,25.88832780125,2
43092,2,29.316158210466668,3
43092,3,77.86667326741072,8
43092,4,62.89856765316999,5
43092,5,84.30491540166666,3
43092,6,28.510278465,2
43092,7,64.01529023,2
43092,8,74.81904262708333,4
43092,9,54.106646167,3
43093,1,30.712803194666662,5
43093,10,45.49063719055556,3
43093,11,60.480095782199996,5
43093,12,61.2345402425,2
43093,13,78.38240269,1
43093,15,67.7539846875,2
43093,16,66.55971499500001,2
43093,17,21.2278004525,2
43093,2,19.877473039999998,2
43093,3,100.0,1
43093,4,55.46230660616,5
43093,5,86.44390223166666,3
43093,6,51.927307825,2
43093,7,76.38229057,2
43093,8,45.04790860604267,4
43093,9,80.53473484999999,3
43094,1,34.4616181767,5
43094,10,40.73896744388889,3
43094,11,52.648768915000005,5
43094,12,98.225,2
43094,13,57.09091967,1
43094,15,35.3315650327,2
43094,16,61.551572045,2
43094,17,21.8734044925,2
43094,2,25.05167196875,2
43094,3,100.0,1
43094,4,64.76140056314,5
43094,5,79.440071825,3
43094,6,82.08434094,1
43094,7,79.25008620999999,2
43094,8,52.96243951270933,4
43094,9,77.27505187,3
43095,1,67.45175695083333,4
43095,10,84.95298212055555,3
43095,11,31.740209195800002,5
43095,12,67.028141175,2
43095,13,98.18299913,1
43095,15,0.913910981,2
43095,16,82.084935535,2
43095,17,35.7182452525,2
43095,2,18.303784451374998,2
43095,3,100.0,1
43095,4,82.0,1
43095,5,76.98678931833334,3
43095,6,0.0,1
43095,7,85.50358639999999,2
43095,8,56.4333911125,4
43095,9,72.94045638,3
43096,1,78.221340605,2
43096,10,62.91074746333333,2
43096,11,78.512258355,4
43096,12,47.4881668125,2
43096,13,0.0,1
43096,15,98.8547110325,2
43096,16,50.0,2
43096,17,38.8726502125,2
43096,2,46.4562225265,2
43096,3,100.0,1
43096,5,91.02222222333334,3
43096,6,24.64318616,1
43096,7,43.936090615,2
43096,8,76.50332795833333,4
43096,9,60.01384615333333,3
43097,1,31.855478462500002,4
43097,10,39.020605325,3
43097,11,67.520543528,5
43097,12,79.759088565,2
43097,13,94.06974305,1
43097,15,45.92296389,2
43097,16,50.0,2
43097,17,29.3624198475,2
43097,2,32.53317309275,2
43097,3,100.0,1
43097,4,100.0,1
43097,5,91.33023888166667,3
43097,6,100.0,1
43097,7,85.28382981499999,2
43097,8,53.93280783916667,4
43097,9,83.24911719,3
43098,1,49.37259286375,4
43098,10,78.54502001388889,3
43098,11,51.33789233,5
43098,12,76.330277465,2
43098,13,92.134381,1
43098,15,43.25814852,2
43098,16,50.0,2
43098,17,26.191782824,2
43098,2,45.1310156605,2
43098,3,100.0,1
43098,4,71.04681846311999,5
43098,5,87.70054871999999,3
43098,6,100.0,1
43098,7,83.42058938,2
43098,8,81.47795880333334,4
43098,9,57.52391327666667,3
43099,1,22.309700523333333,3
43099,10,29.510849801666666,2
43099,11,74.88916009875,4
43099,12,92.8536768375,2
43099,13,0.0,1
43099,15,63.6636529075,2
43099,16,50.0,2
43099,17,30.1355843175,2
43099,2,27.408020751875,2
43099,3,100.0,1
43099,4,100.0,1
43099,5,83.579502715,3
43099,6,100.0,1
43099,7,54.832002634999995,2
43099,8,48.26136556083333,4
43099,9,14.555322085,2
43100,1,74.35152522839999,5
43100,10,92.33665340499999,3
43100,11,44.4286121126,5
43100,12,78.7680340225,2
43100,13,99.1585706,1
43100,15,10.646016465,2
43100,16,60.29608686,2
43100,17,27.060702478000003,2
43100,2,9.882911818375,2
43100,3,100.0,1
43100,4,84.842,1
43100,5,68.71614723,3
43100,6,100.0,1
43100,7,94.907523835,2
43100,8,63.017428745000004,4
43100,9,55.57837279333334,3
43101,1,59.73842621,3
43101,10,38.24384007333333,2
43101,11,80.98081027875,4
43101,12,69.0,2
43101,13,0.0,1
43101,15,61.53701887525,2
43101,16,50.0,2
43101,17,50.0,2
43101,2,25.0,2
43101,3,100.0,1
43101,5,63.438639845000004,3
43101,6,100.0,1
43101,7,72.72547101500001,2
43101,8,88.06818785,4
43101,9,38.48726404666667,3
43102,1,62.27494329833333,3
43102,10,69.29702160333333,3
43102,11,57.53400441125,4
43102,12,80.57807131,2
43102,13,0.0,1
43102,15,90.65399221749999,2
43102,16,50.0,2
43102,17,0.601982898,2
43102,2,47.274284173750004,2
43102,3,100.0,1
43102,4,59.80289625870999,5
43102,5,83.72774747166666,3
43102,6,91.95073888,1
43102,7,77.74399305,2
43102,8,68.0823154375,4
43102,9,52.96340767,3
43103,1,81.358454185,2
43103,10,88.33700748833333,3
43103,11,44.516376752,5
43103,12,62.098306545,2
43103,13,0.0,1
43103,15,11.946140085,2
43103,16,91.071703235,2
43103,17,50.0,2
43103,2,12.52050859725,2
43103,3,100.0,1
43103,4,65.3343877097,5
43103,5,78.003839775,3
43103,6,100.0,1
43103,7,68.45922982500001,2
43103,8,64.24570337416667,4
43103,9,84.48289053333333,3
43104,1,52.4579916907,5
43104,10,41.57887533494445,3
43104,11,51.548053632000006,5
43104,12,50.161638525,2
43104,13,0.0,1
43104,14,37.5,1
43104,15,69.55221525,2
43104,16,61.371409185,2
43104,17,38.9042273325,2
43104,2,51.90979859,2
43104,3,100.0,1
43104,4,100.0,1
43104,5,84.35274496333334,3
43104,6,96.43786994,1
43104,7,67.82286159,2
43104,8,86.792262115,4
43104,9,50.87933951666667,3
43105,1,100.0,1
43105,10,40.38819153833333,2
43105,11,72.83224702833333,3
43105,12,77.0865573925,2
43105,15,54.7183881775,2
43105,16,50.0,2
43105,17,7.026505726249999,2
43105,2,50.2183056407125,2
43105,3,100.0,1
43105,5,66.66666666666667,3
43105,6,100.0,1
43105,7,87.02525348500001,2
43105,8,77.22888435166666,4
43105,9,23.79372404,3
43106,1,66.02410195499999,4
43106,10,70.93633144833335,3
43106,11,58.7764887901375,4
43106,12,86.11255947250001,2
43106,13,84.71193667,1
43106,15,81.42227108,2
43106,16,50.0,2
43106,17,25.0,2
43106,2,33.57722471375,2
43106,3,100.0,1
43106,4,94.286,1
43106,5,93.43081797666666,3
43106,6,100.0,1
43106,7,79.62506657,2
43106,8,68.95063842791667,4
43106,9,91.88734913333333,3
43107,1,76.67348096666667,3
43107,10,83.93946372444445,3
43107,11,77.5652143325,4
43107,12,90.19346803,2
43107,13,7.5345668,1
43107,15,28.2974337155,2
43107,16,50.0,2
43107,17,29.77800106,2
43107,2,36.958565799999995,3
43107,3,73.85337224875,4
43107,4,100.0,1
43107,5,98.053235805,3
43107,6,100.0,1
43107,7,66.51065686,2
43107,8,65.45311021666666,4
43107,9,66.66666666666667,3
43108,1,49.35780390125,4
43108,10,63.492099691111115,3
43108,11,45.107865141999994,5
43108,12,83.8720901825,2
43108,13,24.66793953,1
43108,15,45.451368181,2
43108,16,61.51029179,2
43108,17,29.039472125,2
43108,2,21.76938608,2
43108,3,100.0,1
43108,4,83.125,1
43108,5,76.04871974333334,3
43108,6,63.96507766,1
43108,7,29.7535493,2
43108,8,47.30418984458333,4
43108,9,69.20537942333333,3
43109,1,60.546047590666674,5
43109,10,88.28909156222221,3
43109,11,30.4057343226,5
43109,12,74.40541398025,2
43109,13,0.0,1
43109,15,0.39067950325,2
43109,16,100.0,2
43109,17,50.0,2
43109,2,23.285044758375,2
43109,3,100.0,1
43109,4,0.0,1
43109,5,78.49925185833334,3
43109,6,0.0,1
43109,7,82.631879055,2
43109,8,48.06820188533333,4
43109,9,83.84690422999999,3
43110,1,39.643081695,2
43110,10,26.565396025,2
43110,11,77.608089865,4
43110,12,88.8988605725,2
43110,13,0.0,1
43110,15,75.6346232275,2
43110,16,50.0,2
43110,17,24.936932352812498,2
43110,2,45.0391282975,2
43110,3,100.0,1
43110,4,100.0,1
43110,5,60.4328966935,3
43110,6,100.0,1
43110,7,20.757412955,2
43110,8,70.70220529291667,4
43110,9,33.333333333333336,3
43111,1,53.78398792641333,5
43111,10,69.93141148111111,3
43111,11,35.43521914,5
43111,12,59.988224965,2
43111,13,97.77781856,1
43111,15,30.7779411475,2
43111,16,72.93836236,2
43111,17,28.0847613225,2
43111,2,19.084322906725,2
43111,3,100.0,1
43111,4,82.5,1
43111,5,82.09922053166667,3
43111,6,91.5374937,1
43111,7,77.88433552000001,2
43111,8,68.42002032708334,4
43111,9,77.43073677666666,3
43112,1,66.66666667,1
43112,10,34.53971648,2
43112,11,67.27869554875001,4
43112,12,82.8755942175,2
43112,13,7.638167119,1
43112,15,75.14531672250001,2
43112,16,50.0,2
43112,17,29.8628308875,2
43112,2,57.60287877625,2
43112,3,100.0,1
43112,4,100.0,1
43112,5,75.86254081166668,3
43112,6,100.0,1
43112,7,74.17411582,2
43112,8,74.3435427575,4
43112,9,73.33922889,3
43113,1,49.4565745325,4
43113,10,59.56607992055555,3
43113,11,73.05869001,5
43113,12,98.88168578,2
43113,13,81.40154343,1
43113,15,86.6096147675,2
43113,16,65.570685365,2
43113,17,22.087234079999998,2
43113,2,18.048722134125,2
43113,3,100.0,1
43113,4,100.0,1
43113,5,88.63861038499999,3
43113,6,100.0,1
43113,7,31.041105525,2
43113,8,60.197419669999995,3
43113,9,82.83789743666667,3
43114,1,50.0,2
43114,10,58.989398779999995,2
43114,11,66.732242767,5
43114,12,72.4824524,2
43114,13,76.96860271,1
43114,15,83.2183148775,2
43114,16,50.0,2
43114,17,25.0,2
43114,2,50.01910098125,2
43114,3,100.0,1
43114,4,100.0,1
43114,5,76.18888889,3
43114,6,100.0,1
43114,7,76.638015375,2
43114,8,81.72,4
43114,9,55.738512820000004,3
43115,1,82.12270882,2
43115,10,41.86134356,2
43115,11,60.394581414,4
43115,12,90.1869517275,2
43115,13,42.35136688,1
43115,15,77.3070779125,2
43115,16,50.0,2
43115,17,39.5461782275,2
43115,2,45.2044975575,2
43115,3,100.0,1
43115,5,95.43513847999999,3
43115,6,100.0,1
43115,7,68.768914415,2
43115,8,72.75192529833333,4
43115,9,29.459409215333334,3
43116,1,67.85004063833333,3
43116,10,74.03228074944444,3
43116,11,78.98093287100001,5
43116,12,48.150961775,2
43116,13,0.0,1
43116,15,95.870588385,2
43116,16,75.607781045,2
43116,17,42.382118135,2
43116,2,12.630512194375001,2
43116,3,100.0,1
43116,4,58.748687974102,5
43116,5,89.1321643,3
43116,6,93.95956274,1
43116,7,62.436860675000005,2
43116,8,85.888150835,4
43116,9,36.17646200466667,3
43117,1,88.88888889,1
43117,10,34.2303532,2
43117,11,80.0029653375,4
43117,12,65.609433955,2
43117,13,69.66732513,1
43117,15,96.0596679575,2
43117,16,50.0,2
43117,17,7.90552398,2
43117,2,23.7577775,2
43117,3,100.0,1
43117,4,100.0,1
43117,5,77.47563774333334,3
43117,6,100.0,1
43117,7,77.344527215,2
43117,8,83.66764458041666,4
43117,9,35.140221902,3
43118,1,40.3280583575,4
43118,10,37.55441508900556,3
43118,11,86.730606096,5
43118,12,58.875,2
43118,13,0.0,1
43118,15,84.106285555,2
43118,16,50.0,2
43118,17,34.450081295000004,2
43118,2,35.98335333475001,2
43118,3,100.0,1
43118,4,59.530496234240005,5
43118,5,56.42288688683334,3
43118,6,88.59190668,1
43118,7,73.930739015,2
43118,8,75.80915770166666,4
43118,9,49.41528205,3
43119,1,48.72107737,5
43119,10,89.86789675555555,3
43119,11,61.597160881250005,4
43119,12,70.0950174875,2
43119,13,0.0,1
43119,15,25.092063745,2
43119,16,72.041167155,2
43119,17,40.1308162375,2
43119,2,9.71142222675,2
43119,3,100.0,1
43119,4,62.072472096,5
43119,5,94.26218262666667,3
43119,6,0.0,1
43119,7,38.4805631438,2
43119,8,43.254444817666666,4
43119,9,100.0,3
43120,1,25.503382411666667,3
43120,10,36.949895347777776,3
43120,11,62.124452465000005,5
43120,12,50.25131060375,2
43120,13,39.63453121,1
43120,15,84.1664659275,2
43120,16,50.0,2
43120,17,32.431730575,2
43120,2,36.496126950000004,2
43120,3,100.0,1
43120,4,38.21867512375,4
43120,5,54.233546723333326,3
43120,6,67.86072274,1
43120,7,70.932283705,2
43120,8,52.13988764999999,4
43120,9,0.0,3
43121,1,40.451897479,5
43121,10,38.83441918388889,3
43121,11,58.35625315375,4
43121,12,79.087907375,2
43121,13,0.0,1
43121,15,75.7280977225,2
43121,16,50.0,2
43121,17,15.5205890645,2
43121,2,42.429166961250004,2
43121,3,100.0,1
43121,4,62.957271329419996,5
43121,5,72.95028735666666,3
43121,6,100.0,1
43121,7,73.658301745,2
43121,8,68.96757452166666,4
43121,9,52.62212381999999,3
43122,1,100.0,1
43122,10,65.54887937833333,2
43122,11,86.1330739975,4
43122,12,61.577687995000005,2
43122,13,64.26249229,1
43122,15,72.60426299,2
43122,16,50.0,2
43122,17,33.5249593525,2
43122,2,33.865357668375,2
43122,3,100.0,1
43122,5,85.27428961666668,3
43122,6,100.0,1
43122,7,91.37653676,2
43122,8,85.7514354275,4
43122,9,47.705356386666665,3
43123,1,37.23839400133333,5
43123,10,51.02067524500001,3
43123,11,23.810533828333334,6
43123,12,72.7589097175,2
43123,13,69.89808906,1
43123,15,0.0,2
43123,16,52.2179542775,4
43123,17,11.574122037099999,3
43123,2,27.413402889999997,3
43123,3,57.63213897604167,8
43123,4,46.68895681490833,6
43123,5,87.05184022666667,3
43123,6,50.0,2
43123,7,73.954676405,2
43123,8,56.361572970750004,4
43123,9,62.29582276916667,3
43124,1,51.99824968,4
43124,10,51.34140550722222,3
43124,11,71.332977917,5
43124,12,99.4670423925,2
43124,13,0.0,1
43124,15,83.22575087000001,2
43124,16,79.321420495,2
43124,17,43.3408675725,2
43124,2,17.143825739416666,3
43124,3,55.103932050750004,4
43124,4,100.0,1
43124,5,85.93064399166667,3
43124,6,0.0,1
43124,7,50.0,2
43124,8,41.67796437916667,4
43124,9,65.92974359,3
43125,1,55.055687498750004,4
43125,10,64.47781194944444,3
43125,11,75.739999769,5
43125,12,85.304592355,2
43125,13,83.21680018,1
43125,15,75.44705955250001,2
43125,16,50.0,2
43125,17,37.2084996925,2
43125,2,28.062136940916663,3
43125,3,78.61178248499999,4
43125,4,44.54722370099999,5
43125,5,66.68085716,3
43125,6,100.0,1
43125,7,75.70148574000001,2
43125,8,80.83861844583333,4
43125,9,42.60148670666667,3
43126,1,77.98112793625,4
43126,10,82.8807908311111,3
43126,11,51.94730083100001,5
43126,12,57.833752449,2
43126,13,97.79278987,1
43126,15,40.578171953,2
43126,16,56.02092287,2
43126,17,21.513707732500002,2
43126,2,19.687019869875,2
43126,3,100.0,1
43126,4,100.0,1
43126,5,96.07298536833332,3
43126,6,100.0,1
43126,7,65.95150480000001,2
43126,8,69.43086716833334,4
43126,9,100.0,3
43127,1,60.45383378833333,3
43127,10,64.31947660444445,3
43127,11,40.323884506140004,5
43127,12,85.2840378575,2
43127,13,78.62974537,1
43127,15,53.7620459225,2
43127,16,55.18479982,2
43127,17,16.835626550766666,3
43127,2,42.59640964975,2
43127,3,100.0,1
43127,4,60.9371346463,5
43127,5,85.96013649333334,3
43127,6,100.0,1
43127,7,73.959925985,2
43127,8,75.68520457999999,4
43127,9,46.23756116166667,3
43128,1,58.935722476,4
43128,10,83.07507714944444,3
43128,11,51.42080875520001,5
43128,12,95.075,2
43128,13,83.18486304,1
43128,15,63.0395976625,2
43128,16,50.0,2
43128,17,25.62552130425,2
43128,2,28.80180391,2
43128,3,100.0,1
43128,4,61.079909604220006,5
43128,5,84.620606495,3
43128,6,100.0,1
43128,7,79.17139424,2
43128,8,47.677173243333336,4
43128,9,66.40512820666667,3
43129,1,54.42204119200001,5
43129,10,65.00507809055556,3
43129,11,36.7421829208,5
43129,12,78.8823592425,2
43129,13,89.41304418,1
43129,15,37.940735405,2
43129,16,61.719068085,2
43129,17,13.9244295725,2
43129,2,38.86982418425,2
43129,3,12.59345238,1
43129,4,65.95337015184,5
43129,5,93.57929121500001,3
43129,6,83.57142857,2
43129,7,74.37129774499999,2
43129,8,58.31899650241667,4
43129,9,76.12940086666667,3
43130,1,100.0,1
43130,10,38.38041695333333,2
43130,11,63.717619114,5
43130,12,78.46287679,2
43130,13,42.61825782,1
43130,15,55.2777724575,2
43130,16,50.0,2
43130,17,29.8981530525,2
43130,2,28.995277992625,2
43130,3,100.0,1
43130,4,100.0,1
43130,5,78.84358278500001,3
43130,6,100.0,1
43130,7,70.079851815,2
43130,8,77.515041,4
43130,9,33.54710957733334,3
43131,1,65.96915039666666,4
43131,10,54.96891385855556,3
43131,11,29.8093425362,5
43131,12,42.862153885000005,2
43131,13,53.23140729,1
43131,14,50.040077946333334,1
43131,15,19.3811696325,2
43131,16,92.84505768,2
43131,17,40.1475235375,2
43131,2,15.98691106925,2
43131,3,100.0,1
43131,4,66.64687410596,5
43131,5,75.406418095,3
43131,6,47.830066689999995,2
43131,7,54.79110161,2
43131,8,79.41409877458332,4
43131,9,77.11242872166666,3
43132,1,47.54086985,3
43132,10,41.91028847411111,3
43132,11,59.395537393,5
43132,12,53.3437573375,2
43132,13,0.0,1
43132,15,42.9151505525,2
43132,16,56.35534947,2
43132,17,18.4065204075,2
43132,2,45.66664462,2
43132,3,100.0,1
43132,4,55.6760819644,5
43132,5,84.72583018,3
43132,6,97.49104763,1
43132,7,28.144075355,2
43132,8,57.83684886583333,4
43132,9,66.562,3
43133,1,46.836779494999995,5
43133,10,51.220229206666666,3
43133,11,54.252943544999994,5
43133,12,76.87184762999999,2
43133,13,0.0,1
43133,15,72.0870829125,2
43133,16,70.264080525,2
43133,17,53.12916822253334,3
43133,2,40.753305133249995,2
43133,3,100.0,1
43133,4,60.361137600300005,5
43133,5,88.677244655,3
43133,6,67.756509635,2
43133,7,67.412626725,2
43133,8,51.872365869499994,4
43133,9,60.57667629,3
43134,1,50.0,2
43134,10,75.74076229333333,2
43134,11,65.37728137100001,5
43134,12,78.88513208,2
43134,13,96.24240271,1
43134,15,36.110505562499995,2
43134,16,50.0,2
43134,17,24.99548388,2
43134,2,24.512482648125,2
43134,3,100.0,1
43134,5,95.10450159166668,3
43134,6,100.0,1
43134,7,53.970464035,2
43134,8,62.5247805725,4
43134,9,46.78686228,3
43135,1,48.40714171833333,3
43135,10,40.779198099999995,3
43135,11,73.57413602125,4
43135,12,71.5988315675,2
43135,13,78.37375748,1
43135,15,71.3103456375,2
43135,16,56.68310337,2
43135,17,34.079189424999996,2
43135,2,37.298974909500004,2
43135,3,100.0,1
43135,4,49.199877503189995,5
43135,5,66.68451152833335,3
43135,6,98.57537366,1
43135,7,71.823425715,2
43135,8,74.44210894354266,4
43135,9,96.86184615333333,3
43136,1,62.45149865583333,4
43136,10,47.90192470277777,3
43136,11,49.274196394,5
43136,12,64.196560005,2
43136,14,60.508974120000005,1
43136,15,79.208131945,2
43136,16,100.0,1
43136,17,33.2757431725,2
43136,2,31.00845269375,3
43136,3,52.698655134999996,8
43136,4,70.769,1
43136,5,81.24447178333334,3
43136,6,78.392857145,2
43136,7,71.20659531999999,2
43136,8,73.36989664041667,4
43136,9,77.03518873,3
43137,1,61.31777684373334,5
43137,10,80.67774868944444,3
43137,11,46.0683511056,5
43137,12,90.442093285,2
43137,13,52.85360799,1
43137,15,56.5922580225,2
43137,16,63.96584483,2
43137,17,33.0584926775,2
43137,2,25.489797420083335,3
43137,3,67.5868600325,4
43137,4,54.390787898999996,5
43137,5,92.36412773333332,3
43137,6,100.0,1
43137,7,79.36859233,2
43137,8,66.90505311166666,4
43137,9,83.07121008666667,3
43138,1,35.171512990833335,4
43138,10,46.97021726055556,3
43138,11,48.740828412199996,5
43138,12,74.4117294725,2
43138,13,13.67824039,1
43138,15,43.519154435,2
43138,16,57.357498305,2
43138,17,26.97512176,2
43138,2,34.8634718804,2
43138,3,100.0,1
43138,4,53.124668547169996,5
43138,5,87.30483578,3
43138,6,100.0,1
43138,7,56.372845670000004,2
43138,8,64.17668800083334,4
43138,9,73.22845186666667,3
43139,1,54.87829985253334,5
43139,10,61.70910700611111,3
43139,11,58.25495606081999,5
43139,12,85.23925961750001,2
43139,13,48.46753289,1
43139,15,43.7880601465,2
43139,16,75.151549425,2
43139,17,22.231938507499997,2
43139,2,24.17783911625,2
43139,3,100.0,1
43139,4,69.362483517,5
43139,5,88.27928730333333,3
43139,6,100.0,1
43139,7,77.00475955499999,2
43139,8,58.46742804675,4
43139,9,88.49275338,3
43140,1,49.24722371375,4
43140,10,55.609903628333335,3
43140,11,43.46579808,5
43140,12,95.9439257075,2
43140,13,70.28040608,1
43140,15,0.146504813725,2
43140,16,70.41992762,2
43140,17,34.9717249125,2
43140,2,13.48002985475,2
43140,3,100.0,1
43140,4,59.70207233676,5
43140,5,79.38140700333334,3
43140,6,32.75799641,1
43140,7,31.2731098925,2
43140,8,47.9971941665,4
43140,9,77.05728504333332,3
43141,1,38.88888889,2
43141,10,34.073663618333335,2
43141,11,61.368692298333336,3
43141,12,65.58367969,2
43141,13,0.0,1
43141,15,87.1781508,2
43141,16,50.0,2
43141,17,10.713595425,2
43141,2,25.0,2
43141,3,0.0,1
43141,5,80.42194459666666,3
43141,6,29.3711115,1
43141,7,51.792950465000004,2
43141,8,73.90208333333334,4
43141,9,63.20312820666667,3
43142,1,58.30753270375,4
43142,10,60.107903757222225,3
43142,11,64.109057019,5
43142,12,89.6800213125,2
43142,13,0.0,1
43142,15,65.788437485,2
43142,16,67.62418005,2
43142,17,29.036823665,2
43142,2,32.1254678825,2
43142,3,100.0,1
43142,4,59.54012022956999,5
43142,5,85.36590247,3
43142,6,73.64287253,1
43142,7,82.491255345,2
43142,8,48.36676969433333,4
43142,9,93.20019435666666,3
43143,1,100.0,1
43143,10,93.56158484,2
43143,11,72.004527725,3
43143,12,57.75,2
43143,13,29.88261318,1
43143,15,77.2098044025,2
43143,16,50.0,2
43143,17,50.0,2
43143,2,50.0,2
43143,3,100.0,1
43143,5,55.98931112666666,3
43143,6,56.12240072,1
43143,7,41.17135966,2
43143,8,83.54879171083333,4
43143,9,24.48177888,2
43144,1,80.93067107333333,3
43144,10,83.26423337166666,3
43144,11,51.175321505199996,5
43144,12,73.3724859425,2
43144,13,84.37417755,1
43144,15,36.65217175425,2
43144,16,57.23874689,2
43144,17,32.1268405675,2
43144,2,23.7065239275,2
43144,3,100.0,1
43144,4,99.412,1
43144,5,89.45278900833334,3
43144,6,100.0,1
43144,7,83.905702255,2
43144,8,63.24514152958333,4
43144,9,49.682507810000004,3
43145,1,76.5227053075,4
43145,10,85.28609462277778,3
43145,11,45.70808181164,5
43145,12,88.68304466250001,2
43145,13,68.73003232,1
43145,15,42.304366147924995,2
43145,16,69.42151097,2
43145,17,29.8596787475,2
43145,2,35.080014442666666,3
43145,3,78.29258008,4
43145,4,62.353,1
43145,5,90.87119219666666,3
43145,6,23.574367685,2
43145,7,37.62716902,2
43145,8,62.9985600375,4
43145,9,94.79061538333333,3
43146,10,68.555340225,2
43146,11,95.84982829833332,3
43146,12,69.99000812,2
43146,13,0.0,1
43146,15,69.29380378249999,2
43146,16,50.0,2
43146,17,25.86508248225,2
43146,2,34.148992771625,2
43146,3,100.0,1
43146,5,65.36,3
43146,6,100.0,1
43146,7,78.290295415,2
43146,8,72.287808295,4
43146,9,32.67164102666667,3
43147,1,65.080309915,3
43147,10,70.49941013055555,3
43147,11,64.816180208,5
43147,12,87.2124416,2
43147,13,0.0,1
43147,15,49.248243866,2
43147,16,50.0,2
43147,17,21.54337496533333,3
43147,2,41.20376310875,2
43147,3,100.0,1
43147,4,58.05838362398,5
43147,5,99.68928368333333,3
43147,6,100.0,1
43147,7,84.68827873000001,2
43147,8,54.95904336833333,4
43147,9,36.750132369999996,3
43148,1,42.38883990266667,5
43148,10,48.209620926111114,3
43148,11,23.616032809999997,6
43148,12,66.2396791125,2
43148,13,61.69961437,1
43148,14,56.04640671999999,1
43148,15,8.46270079425,2
43148,16,53.113608793750004,4
43148,17,24.116441041666665,3
43148,2,26.632830127749997,3
43148,3,66.39718631809524,8
43148,4,46.8299177,6
43148,5,85.61138821166666,3
43148,6,60.23809524,2
43148,7,75.82831343000001,2
43148,8,68.44432023833333,4
43148,9,56.988064146666666,3
43149,1,61.602215754999996,4
43149,10,53.266411867222224,3
43149,11,58.103622988400005,5
43149,12,73.769115325,2
43149,13,0.0,1
43149,15,96.0688244375,2
43149,16,50.0,2
43149,17,24.062311785,2
43149,2,47.7464628025,2
43149,3,100.0,1
43149,4,51.86934545084,5
43149,5,82.23990979166666,3
43149,6,100.0,1
43149,7,75.24230364,2
43149,8,72.94820921416667,4
43149,9,31.328442179999996,3
43150,1,50.5954246668,5
43150,10,63.721864483888886,3
43150,11,58.112858876000004,5
43150,12,66.13756589,2
43150,13,0.0,1
43150,15,89.26946764499999,2
43150,16,58.53019679,2
43150,17,2.1803233646666667,3
43150,2,40.35307176625,2
43150,3,100.0,1
43150,4,60.85787431223999,5
43150,5,89.35314091999999,3
43150,6,89.89793938,1
43150,7,75.663105,2
43150,8,83.25722886416666,4
43150,9,47.80272828,3
43151,1,100.0,2
43151,10,44.915155741666666,2
43151,11,94.51865255,4
43151,12,81.629036215,2
43151,13,49.96674437,1
43151,15,84.0627138,2
43151,16,50.0,2
43151,17,33.116283637500004,2
43151,2,46.89895198,3
43151,3,74.53100154625,4
43151,5,57.918698141666674,3
43151,6,100.0,1
43151,7,81.85112366,2
43151,8,83.2842539025,4
43151,9,38.21994400333333,3
43152,1,23.095628985250002,4
43152,10,37.56477515555556,3
43152,11,67.6457841104,5
43152,12,96.875,2
43152,13,62.93919838,1
43152,15,68.538909653,2
43152,16,50.0,2
43152,17,27.878199272499998,2
43152,2,28.846926345,2
43152,3,100.0,1
43152,4,100.0,1
43152,5,57.37950245116667,3
43152,6,100.0,1
43152,7,69.052404505,2
43152,8,51.03783587683334,4
43152,9,66.17123077000001,3
43153,1,61.4708885975,4
43153,10,48.89906179333334,3
43153,11,24.26973157727,5
43153,12,50.538293107499996,2
43153,13,83.96774795,1
43153,14,66.21567824333333,1
43153,15,2.5082867477499997,2
43153,16,73.710812035,2
43153,17,19.36067596566667,3
43153,2,11.087580302500001,2
43153,3,70.65453065833333,6
43153,4,69.5879412183,5
43153,5,70.48588244833333,3
43153,6,67.16192227,2
43153,7,76.39465887,2
43153,8,76.32925404083333,4
43153,9,53.982997178666665,3
43154,1,44.44444444,1
43154,10,33.221380810499994,2
43154,11,80.554815265,4
43154,12,43.317030345,2
43154,13,61.60238374,1
43154,15,84.2962920475,2
43154,16,50.0,2
43154,17,37.19024827,2
43154,2,59.73333090875,2
43154,3,100.0,1
43154,5,86.15198094499999,3
43154,6,100.0,1
43154,7,66.48353245999999,2
43154,8,80.79278078083334,4
43154,9,65.93394452666666,3
43155,1,31.53314487733333,5
43155,10,36.989594979,3
43155,11,52.046305482,5
43155,12,72.40303492,2
43155,13,0.0,1
43155,15,56.07013001,2
43155,16,50.323587415000006,4
43155,17,18.913369795533335,3
43155,2,33.892630332,3
43155,3,60.069996822976194,8
43155,4,51.16852038588333,6
43155,5,72.25608955833333,3
43155,6,51.265337869999996,2
43155,7,69.37238808500001,2
43155,8,56.670931266249994,4
43155,9,66.44297225316667,3
43156,1,37.84291007308333,4
43156,10,36.718706096666665,3
43156,11,52.808827705919995,5
43156,12,79.33194048499999,2
43156,13,49.95478318,1
43156,15,65.17678328,2
43156,16,68.19701425,2
43156,17,20.138370564766667,3
43156,2,31.00286737275,2
43156,3,100.0,1
43156,4,43.96410783978,5
43156,5,80.58189655166667,3
43156,6,53.81438422,2
43156,7,50.53168305,2
43156,8,50.60713284041667,4
43156,9,85.45077581666665,3
43157,1,76.44500794,3
43157,10,30.281338266666666,2
43157,11,60.8186158824,5
43157,12,75.44813567,2
43157,13,0.0,1
43157,15,92.98314604000001,2
43157,16,50.0,2
43157,17,25.6764201625,2
43157,2,42.013694580999996,2
43157,3,100.0,1
43157,4,100.0,1
43157,5,83.24471741166667,3
43157,6,100.0,1
43157,7,72.26629478,2
43157,8,84.355,4
43157,9,45.914127326666666,3
43158,1,55.55555556,1
43158,10,40.495995193333336,2
43158,11,78.96129681166667,3
43158,12,59.974605577,2
43158,13,0.0,1
43158,15,82.8482842,2
43158,16,50.0,2
43158,17,19.4111145625,2
43158,2,40.754021192500005,2
43158,3,100.0,1
43158,5,74.52426549166667,3
43158,6,83.07732671,1
43158,7,71.824261265,2
43158,8,88.627699165,4
43158,9,66.66666666666667,3
43159,1,100.0,1
43159,10,50.0,2
43159,11,78.99734326375,4
43159,12,75.0,2
43159,13,1.62594,1
43159,15,72.222914845,2
43159,16,50.0,2
43159,17,42.2090557,2
43159,2,34.954129325,2
43159,3,100.0,1
43159,5,64.81111111,3
43159,6,36.51963015,1
43159,7,37.44739837,2
43159,8,88.51833251416667,4
43159,9,33.333333333333336,3
43160,1,57.840073423,5
43160,10,71.18471417333333,3
43160,11,43.9229434392,5
43160,12,69.841005755,2
43160,13,97.12890207,1
43160,15,31.2204615175,2
43160,16,62.311581090000004,2
43160,17,45.0935941475,2
43160,2,28.10580728725,3
43160,3,80.06991879625,4
43160,4,64.02527220156,5
43160,5,71.52508486333333,3
43160,6,8.279972973,1
43160,7,37.771198645,2
43160,8,51.24333416216667,4
43160,9,88.01207408333335,3
43161,1,49.28237231913333,5
43161,10,59.48764979055556,3
43161,11,38.519469554,5
43161,12,73.921312945,2
43161,13,75.59667235,1
43161,15,27.324723519625,2
43161,16,49.07495119125,4
43161,17,49.68441764300001,3
43161,2,18.022767101000003,2
43161,3,50.812925824222226,6
43161,4,52.743887751775,6
43161,5,85.65627454833333,3
43161,6,50.0,2
43161,7,63.53157494,2
43161,8,55.539992235,4
43161,9,78.6028914055,3
43162,1,63.50019154866667,5
43162,10,63.388910700555556,3
43162,11,61.11397345316667,6
43162,12,58.6434799,2
43162,13,0.0,1
43162,14,75.58966448333332,1
43162,15,86.3540688825,2
43162,16,82.93870165,2
43162,17,49.44924608,2
43162,2,10.74424192625,2
43162,3,100.0,1
43162,4,68.56144061808,5
43162,5,91.32313013333334,3
43162,6,83.687067895,2
43162,7,58.992685925,2
43162,8,86.01724550666667,4
43162,9,85.216292135,3
43163,1,49.5878942575,4
43163,10,55.31023329444444,3
43163,11,26.7410010337,5
43163,12,49.64943546925,2
43163,13,68.98859222,1
43163,14,45.11258393766667,1
43163,15,14.168967030000001,2
43163,16,52.98233809125,4
43163,17,23.698380995,2
43163,2,27.078191281583333,3
43163,3,56.36311469720238,8
43163,4,44.171892175,2
43163,5,75.28819032333332,3
43163,6,48.760277765,2
43163,7,75.80751674,2
43163,8,74.60527906625,4
43163,9,51.836329148333334,3
43164,1,66.453521825,2
43164,10,53.76588690755556,3
43164,11,61.980608544000006,5
43164,12,49.0548578775,2
43164,13,77.03156501,1
43164,15,64.2568924525,2
43164,16,50.0,2
43164,17,34.4304335125,2
43164,2,18.691324957,2
43164,3,100.0,1
43164,5,67.00921184166667,3
43164,6,77.19745713,1
43164,7,78.85616264999999,2
43164,8,85.08448274083332,4
43164,9,37.4877727,3
43165,1,69.94409672166667,3
43165,10,63.19990666944444,3
43165,11,64.233248107,5
43165,12,80.914203555,2
43165,13,80.62303692,1
43165,15,53.2777779625,2
43165,16,54.2976702105,2
43165,17,29.47528133,2
43165,2,31.2153049175,2
43165,3,100.0,1
43165,4,65.75768188949999,5
43165,5,92.91880749333332,3
43165,6,99.52387101,1
43165,7,67.740703905,2
43165,8,60.98871235125,4
43165,9,99.69061418000001,3
43166,1,47.4382869204,5
43166,10,80.63731245166666,3
43166,11,40.764031761,5
43166,12,77.24728601,2
43166,13,68.73371962,1
43166,15,27.86576907,2
43166,16,61.92807057,2
43166,17,23.63763589,2
43166,2,29.2472584104375,2
43166,3,100.0,1
43166,4,67.75727987606,5
43166,5,91.16063976,3
43166,6,99.34128736,1
43166,7,34.730573145,2
43166,8,56.62408325966666,4
43166,9,76.24949790666666,3
43167,1,67.89910383833333,3
43167,10,63.932862702222224,3
43167,11,81.89179851583333,6
43167,12,84.158128635,2
43167,13,69.12192173,1
43167,15,68.6891236575,2
43167,16,50.0,2
43167,17,29.74345074,2
43167,2,33.432761595833334,3
43167,3,75.435223635,4
43167,4,66.4136435538,5
43167,5,86.42653874666667,3
43167,6,100.0,1
43167,7,60.692648855,2
43167,8,79.26076160833333,4
43167,9,25.631497409999998,3
43168,1,77.77777778000001,2
43168,10,59.07749910166666,2
43168,11,98.710719415,4
43168,12,64.4134035775,2
43168,13,87.20079461,1
43168,15,100.0,2
43168,16,50.0,2
43168,17,16.0665156475,2
43168,2,40.114253458,2
43168,3,100.0,1
43168,5,81.20984401166668,3
43168,6,94.79016744,1
43168,7,45.77934681,2
43168,8,83.87216533541667,4
43168,9,30.862474581333334,3
43169,1,78.268441565,2
43169,10,79.56250078288889,3
43169,11,59.719318621,5
43169,12,81.1026998175,2
43169,13,28.46895302,1
43169,15,92.4395742375,2
43169,16,50.0,2
43169,17,25.0,2
43169,2,29.030370310499997,2
43169,3,100.0,1
43169,4,53.0429565424,5
43169,5,89.34666666666668,3
43169,6,100.0,1
43169,7,67.897253845,2
43169,8,75.55239154499999,4
43169,9,0.0,2
43170,1,38.1660871772,5
43170,10,48.30054959122222,3
43170,11,58.76772926260001,5
43170,12,94.8363391325,2
43170,13,0.0,1
43170,15,46.6106571375,2
43170,16,70.15573399499999,2
43170,17,32.4706225275,2
43170,2,49.95911515183334,3
43170,3,72.7089252175,4
43170,4,45.50754702373,5
43170,5,81.28585642333333,3
43170,6,100.0,1
43170,7,65.94844886,2
43170,8,59.172208384166666,4
43170,9,81.99518606,3
43171,1,71.8522835075,4
43171,10,61.94135506722222,3
43171,11,29.263817030000002,5
43171,12,53.2590001085,2
43171,13,34.25398541,1
43171,14,53.824177846666664,1
43171,15,2.252632807,2
43171,16,49.83801984125,4
43171,17,26.925060706166672,3
43171,2,25.346740273375,2
43171,3,57.131832688033334,6
43171,4,59.06456336070833,6
43171,5,88.09208938333335,3
43171,6,25.595238095,2
43171,7,32.476395145,2
43171,8,85.57468028291666,4
43171,9,58.46852984,3
43172,1,36.83182752333334,3
43172,10,82.20137713666666,2
43172,11,63.37653656875,4
43172,12,94.85448594249999,2
43172,13,0.0,1
43172,15,74.69008485250001,2
43172,16,71.40273693500001,2
43172,17,36.317282925,2
43172,2,9.915167563125,2
43172,3,100.0,1
43172,4,100.0,1
43172,5,80.67814446833334,3
43172,6,87.5469625,1
43172,7,76.02519370499999,2
43172,8,42.513472655,4
43172,9,62.58630769333333,3
43173,1,100.0,1
43173,10,37.39539749,2
43173,11,66.67905725375,4
43173,12,72.213029895,2
43173,13,94.07639132,1
43173,15,88.60571523,2
43173,16,50.0,2
43173,17,29.063752535,2
43173,2,60.21898364375,2
43173,3,100.0,1
43173,5,76.20584968833333,3
43173,6,100.0,1
43173,7,86.464644155,2
43173,8,67.18897038791667,4
43173,9,66.66666666666667,3
43174,1,55.55555556,1
43174,10,45.53783645833333,2
43174,11,61.5717526025,4
43174,12,66.556738545,2
43174,13,100.0,1
43174,15,90.6052712725,2
43174,16,50.0,2
43174,17,25.423934489,2
43174,2,48.32683309125,2
43174,3,100.0,1
43174,4,100.0,1
43174,5,56.48189138,3
43174,6,100.0,1
43174,7,72.88756733,2
43174,8,76.06967459875,4
43174,9,38.48726404666667,3
43175,1,59.935103025000004,2
43175,10,58.20568323277778,3
43175,11,69.60908186375,4
43175,12,72.3252938225,2
43175,13,95.61681408,1
43175,15,62.1482780475,2
43175,16,51.5839176655,2
43175,17,50.0,2
43175,2,50.213282034125,2
43175,3,100.0,1
43175,4,59.69678417499999,5
43175,5,94.23478289333333,3
43175,6,100.0,1
43175,7,73.17249173,2
43175,8,62.47993623,4
43175,9,40.23037416666667,3
43176,1,57.791679681666665,3
43176,10,73.87015297444444,3
43176,11,77.10180925099999,5
43176,12,79.4907236375,2
43176,13,0.0,1
43176,15,86.54971047499998,2
43176,16,50.0,2
43176,17,29.738031749999998,2
43176,2,39.86337067825,2
43176,3,100.0,1
43176,4,52.31535688365,5
43176,5,83.64631646333333,3
43176,6,100.0,1
43176,7,78.47585466999999,2
43176,8,84.88903743666667,4
43176,9,45.50464645666667,3
43177,1,51.01385247333334,3
43177,10,26.202928869999997,2
43177,11,74.34393768,5
43177,12,94.657902475,2
43177,13,0.0,1
43177,15,66.74504830875,2
43177,16,50.0,2
43177,17,18.110641900775,2
43177,2,31.48006403775,2
43177,3,100.0,1
43177,4,100.0,1
43177,5,86.54276665166667,3
43177,6,100.0,1
43177,7,66.57837803,2
43177,8,74.26849699249999,4
43177,9,18.91606855666667,3
43178,1,52.636523796000006,5
43178,10,71.60769383611111,3
43178,11,48.1593860552,5
43178,12,87.404833375,2
43178,13,0.0,1
43178,15,24.87395865,2
43178,16,71.692151095,2
43178,17,31.13866153,2
43178,2,38.769590395,2
43178,3,100.0,1
43178,4,56.84904992503,5
43178,5,94.11326111,3
43178,6,69.52749704,1
43178,7,68.79153242000001,2
43178,8,90.9567539375,4
43178,9,75.78876201,3
43901,1,44.57169633146667,5
43901,10,57.89155960833333,3
43901,11,34.640305656399995,5
43901,12,18.090285753499998,2
43901,13,18.89162241,1
43901,14,77.30535061,1
43901,15,21.746985994999996,2
43901,16,62.51097037,2
43901,17,22.204333535,2
43901,2,35.10808604168333,3
43901,3,54.97079826792857,8
43901,4,67.0581074809,5
43901,5,85.97860849166666,3
43901,6,65.06751918,2
43901,7,73.438440655,2
43901,8,78.58755122791666,4
43901,9,52.76216485566667,3
43902,1,55.695284279166664,4
43902,10,54.78585194000001,3
43902,11,42.4366456402,5
43902,12,47.390834925,2
43902,13,28.71094019,1
43902,14,99.999999995,1
43902,15,39.8769535,2
43902,16,63.984958155,2
43902,17,26.8444722675,2
43902,2,31.761668018375,2
43902,3,100.0,1
43902,4,49.37647477595,5
43902,5,77.64430805833332,3
43902,6,100.0,1
43902,7,72.901975255,2
43902,8,83.78728797916668,4
43902,9,54.641539310000006,3
43903,1,44.82812004458667,5
43903,10,43.987208719222224,3
43903,11,43.6791767294,5
43903,12,58.56583639750001,2
43903,13,0.0,1
43903,15,38.5754585095,2
43903,16,53.3468672245,2
43903,17,22.9719801075,2
43903,2,41.730279716999995,2
43903,3,100.0,1
43903,4,56.82725738762,5
43903,5,85.17447071666668,3
43903,6,100.0,1
43903,7,62.090421405,2
43903,8,65.83382917666667,4
43903,9,96.13225641000001,3
43904,1,44.0987120466,5
43904,10,49.29022496644444,3
43904,11,40.788824892,5
43904,12,72.889577035,2
43904,13,0.0,1
43904,15,19.55144011815,2
43904,16,59.895159465,2
43904,17,31.5812581775,2
43904,2,31.60140433375,2
43904,3,100.0,1
43904,4,84.595,1
43904,5,72.98212698166667,3
43904,6,99.51147784,1
43904,7,57.73938445,2
43904,8,67.95685492833333,4
43904,9,87.74629754333334,3
43905,1,35.169515096,5
43905,10,44.333080756444446,3
43905,11,27.54728068533,5
43905,12,20.168353345,2
43905,13,37.64925917,1
43905,14,28.57142857,1
43905,15,0.0,2
43905,16,54.205270299999995,4
43905,17,49.333534645,2
43905,2,25.4068086225,2
43905,3,67.891874578,6
43905,4,47.543712049858335,6
43905,5,74.63237479166666,3
43905,6,44.678986895,2
43905,7,61.823583909999996,2
43905,8,81.71635896416667,4
43905,9,73.74853559666667,3
43906,1,47.073609836,5
43906,10,58.430020077777776,3
43906,11,48.9527150516,5
43906,12,39.298039695,2
43906,13,0.0,1
43906,14,66.47572099333333,1
43906,15,26.70042637425,2
43906,16,82.664103145,2
43906,17,47.878505270000005,2
43906,2,39.36799638583333,3
43906,3,70.36488948625001,4
43906,4,80.476,1
43906,5,84.36135799833333,3
43906,6,69.6748061,1
43906,7,29.9412030695,2
43906,8,83.93998560416667,4
43906,9,66.73781499933334,3
43907,1,54.058368574333336,4
43907,10,82.94335672444444,3
43907,11,48.799037225199996,5
43907,12,71.179131415,2
43907,13,0.0,1
43907,15,0.0,2
43907,16,98.52047048,2
43907,17,49.9999475575,2
43907,2,11.004173287875,2
43907,3,100.0,1
43907,4,87.568,1
43907,5,90.07311426166666,3
43907,6,10.23809524,2
43907,7,82.67720052499999,2
43907,8,65.32685353175,4
43907,9,85.58413590166667,3
